{
  "schema_version": 1,
  "kind": "poly2_ridge",
  "trained_on": "reference_cubes.csv",
  "n_train": 500,
  "input_keys": [
    "P0_rho",
    "P1_dx",
    "P2_dy",
    "P3_dz",
    "P4_Fx",
    "P5_Fy",
    "P6_Fz"
  ],
  "output_keys": [
    "P7_def",
    "P8_strain",
    "P9_compressive_strength"
  ],
  "metrics_5fold_cv": {
    "P7_def": {
      "rmse": 0.006191860153502841,
      "mae": 0.004903141073520999,
      "r2": 0.922080752986971,
      "alpha": 3.1622776601683795
    },
    "P8_strain": {
      "rmse": 3.93022020773877e-05,
      "mae": 3.103629337964819e-05,
      "r2": 0.9290320851346366,
      "alpha": 0.5623413251903491
    },
    "P9_compressive_strength": {
      "rmse": 1.2219388502204935,
      "mae": 0.9684127268789808,
      "r2": 0.9720932027896423,
      "alpha": 1.7782794100389228
    }
  },
  "models": {
    "P7_def": {
      "output": "P7_def",
      "input_keys": [
        "P0_rho",
        "P1_dx",
        "P2_dy",
        "P3_dz",
        "P4_Fx",
        "P5_Fy",
        "P6_Fz"
      ],
      "scaler_mean": [
        2395.8524314063834,
        150.18285107119425,
        150.0393833994233,
        150.03063082325508,
        854079.9403863056,
        50.872685663077675,
        52.758876037140624
      ],
      "scaler_scale": [
        75.88326253324122,
        1.529318222921002,
        1.5875022801685934,
        1.4417373491855099,
        148391.9868129681,
        39.999663318639314,
        40.946050288251094
      ],
      "powers": [
        [
          1,
          0,
          0,
          0,
          0,
          0,
          0
        ],
        [
          0,
          1,
          0,
          0,
          0,
          0,
          0
        ],
        [
          0,
          0,
          1,
          0,
          0,
          0,
          0
        ],
        [
          0,
          0,
          0,
          1,
          0,
          0,
          0
        ],
        [
          0,
          0,
          0,
          0,
          1,
          0,
          0
        ],
        [
          0,
          0,
          0,
          0,
          0,
          1,
          0
        ],
        [
          0,
          0,
          0,
          0,
          0,
          0,
          1
        ],
        [
          2,
          0,
          0,
          0,
          0,
          0,
          0
        ],
        [
          1,
          1,
          0,
          0,
          0,
          0,
          0
        ],
        [
          1,
          0,
          1,
          0,
          0,
          0,
          0
        ],
        [
          1,
          0,
          0,
          1,
          0,
          0,
          0
        ],
        [
          1,
          0,
          0,
          0,
          1,
          0,
          0
        ],
        [
          1,
          0,
          0,
          0,
          0,
          1,
          0
        ],
        [
          1,
          0,
          0,
          0,
          0,
          0,
          1
        ],
        [
          0,
          2,
          0,
          0,
          0,
          0,
          0
        ],
        [
          0,
          1,
          1,
          0,
          0,
          0,
          0
        ],
        [
          0,
          1,
          0,
          1,
          0,
          0,
          0
        ],
        [
          0,
          1,
          0,
          0,
          1,
          0,
          0
        ],
        [
          0,
          1,
          0,
          0,
          0,
          1,
          0
        ],
        [
          0,
          1,
          0,
          0,
          0,
          0,
          1
        ],
        [
          0,
          0,
          2,
          0,
          0,
          0,
          0
        ],
        [
          0,
          0,
          1,
          1,
          0,
          0,
          0
        ],
        [
          0,
          0,
          1,
          0,
          1,
          0,
          0
        ],
        [
          0,
          0,
          1,
          0,
          0,
          1,
          0
        ],
        [
          0,
          0,
          1,
          0,
          0,
          0,
          1
        ],
        [
          0,
          0,
          0,
          2,
          0,
          0,
          0
        ],
        [
          0,
          0,
          0,
          1,
          1,
          0,
          0
        ],
        [
          0,
          0,
          0,
          1,
          0,
          1,
          0
        ],
        [
          0,
          0,
          0,
          1,
          0,
          0,
          1
        ],
        [
          0,
          0,
          0,
          0,
          2,
          0,
          0
        ],
        [
          0,
          0,
          0,
          0,
          1,
          1,
          0
        ],
        [
          0,
          0,
          0,
          0,
          1,
          0,
          1
        ],
        [
          0,
          0,
          0,
          0,
          0,
          2,
          0
        ],
        [
          0,
          0,
          0,
          0,
          0,
          1,
          1
        ],
        [
          0,
          0,
          0,
          0,
          0,
          0,
          2
        ]
      ],
      "coef": [
        -0.010821251698481688,
        -0.0005346049346667932,
        -0.0005871334475255037,
        0.0015158156594627856,
        0.017640903752929916,
        0.00020279007725983072,
        2.510987986620197e-05,
        0.000147983893547637,
        0.00025103047874679374,
        -1.0595129191918693e-05,
        -0.0004024904247804692,
        -0.001604320782139364,
        -0.00023110625697583551,
        0.0005981672730628209,
        -0.00039183585904840196,
        5.0401974283682276e-05,
        -0.0002386693649141559,
        0.0002711062895005009,
        -0.00011824635896359177,
        2.8207579326548908e-05,
        0.00020129312128215656,
        -8.93881303986706e-05,
        -6.086140163670675e-06,
        0.0004527403952438781,
        -0.00011881501204617095,
        -0.0001826758485767588,
        0.00022091906458415536,
        0.00016768676811423303,
        -0.00025935485422640673,
        -0.0005932054341350539,
        0.00030266376768380693,
        0.0001005612320672911,
        0.0003843779865640046,
        -0.0002878317915194188,
        -7.910773488913617e-05
      ],
      "intercept": 0.19601169193229284
    },
    "P8_strain": {
      "output": "P8_strain",
      "input_keys": [
        "P0_rho",
        "P1_dx",
        "P2_dy",
        "P3_dz",
        "P4_Fx",
        "P5_Fy",
        "P6_Fz"
      ],
      "scaler_mean": [
        2395.8524314063834,
        150.18285107119425,
        150.0393833994233,
        150.03063082325508,
        854079.9403863056,
        50.872685663077675,
        52.758876037140624
      ],
      "scaler_scale": [
        75.88326253324122,
        1.529318222921002,
        1.5875022801685934,
        1.4417373491855099,
        148391.9868129681,
        39.999663318639314,
        40.946050288251094
      ],